<?xml version="1.0" encoding="UTF-8"?>
<metadata>
  <groupId>com.psddev</groupId>
  <artifactId>brightspot-parent</artifactId>
  <version>41-SNAPSHOT</version>
  <versioning>
    <snapshot>
      <timestamp>20180601.023613</timestamp>
      <buildNumber>129</buildNumber>
    </snapshot>
    <lastUpdated>20180601023614</lastUpdated>
    <snapshotVersions>
      <snapshotVersion>
        <classifier>sources</classifier>
        <extension>jar</extension>
        <value>41-20180601.023613-129</value>
        <updated>20180601023613</updated>
      </snapshotVersion>
      <snapshotVersion>
        <extension>pom</extension>
        <value>41-20180601.023613-129</value>
        <updated>20180601023613</updated>
      </snapshotVersion>
    </snapshotVersions>
  </versioning>
</metadata>
