<?xml version="1.0" encoding="UTF-8"?>
<metadata>
  <groupId>com.psddev</groupId>
  <artifactId>handlebars-jknack</artifactId>
  <version>2.0-SNAPSHOT</version>
  <versioning>
    <snapshot>
      <timestamp>20180601.024544</timestamp>
      <buildNumber>158</buildNumber>
    </snapshot>
    <lastUpdated>20180601024544</lastUpdated>
    <snapshotVersions>
      <snapshotVersion>
        <classifier>sources</classifier>
        <extension>jar</extension>
        <value>2.0-20180409.141444-48</value>
        <updated>20180409141444</updated>
      </snapshotVersion>
      <snapshotVersion>
        <extension>jar</extension>
        <value>2.0-20180601.024544-158</value>
        <updated>20180601024544</updated>
      </snapshotVersion>
      <snapshotVersion>
        <extension>pom</extension>
        <value>2.0-20180601.024544-158</value>
        <updated>20180601024544</updated>
      </snapshotVersion>
    </snapshotVersions>
  </versioning>
</metadata>
