<?xml version="1.0" encoding="UTF-8"?>
<metadata>
  <groupId>com.psddev</groupId>
  <artifactId>brightspot-bom</artifactId>
  <version>41-SNAPSHOT</version>
  <versioning>
    <snapshot>
      <timestamp>20180601.023855</timestamp>
      <buildNumber>162</buildNumber>
    </snapshot>
    <lastUpdated>20180601023856</lastUpdated>
    <snapshotVersions>
      <snapshotVersion>
        <classifier>sources</classifier>
        <extension>jar</extension>
        <value>41-20180601.023855-162</value>
        <updated>20180601023855</updated>
      </snapshotVersion>
      <snapshotVersion>
        <extension>pom</extension>
        <value>41-20180601.023855-162</value>
        <updated>20180601023855</updated>
      </snapshotVersion>
    </snapshotVersions>
  </versioning>
</metadata>
