<?xml version="1.0" encoding="UTF-8"?>
<metadata>
  <groupId>com.psddev</groupId>
  <artifactId>handlebars-parent</artifactId>
  <version>2.0-SNAPSHOT</version>
  <versioning>
    <snapshot>
      <timestamp>20180601.024538</timestamp>
      <buildNumber>161</buildNumber>
    </snapshot>
    <lastUpdated>20180601024538</lastUpdated>
    <snapshotVersions>
      <snapshotVersion>
        <classifier>javadoc</classifier>
        <extension>jar</extension>
        <value>2.0-20180207.151047-44</value>
        <updated>20180207151047</updated>
      </snapshotVersion>
      <snapshotVersion>
        <classifier>sources</classifier>
        <extension>jar</extension>
        <value>2.0-20180601.024538-161</value>
        <updated>20180601024538</updated>
      </snapshotVersion>
      <snapshotVersion>
        <extension>pom</extension>
        <value>2.0-20180601.024538-161</value>
        <updated>20180601024538</updated>
      </snapshotVersion>
    </snapshotVersions>
  </versioning>
</metadata>
