<?xml version="1.0" encoding="UTF-8"?>
<metadata>
  <groupId>com.psddev</groupId>
  <artifactId>dari-mail</artifactId>
  <version>3.3-SNAPSHOT</version>
  <versioning>
    <snapshot>
      <timestamp>20180601.023522</timestamp>
      <buildNumber>240</buildNumber>
    </snapshot>
    <lastUpdated>20180601023523</lastUpdated>
    <snapshotVersions>
      <snapshotVersion>
        <classifier>javadoc</classifier>
        <extension>jar</extension>
        <value>3.3-20180601.023522-240</value>
        <updated>20180601023522</updated>
      </snapshotVersion>
      <snapshotVersion>
        <classifier>sources</classifier>
        <extension>jar</extension>
        <value>3.3-20180601.023522-240</value>
        <updated>20180601023522</updated>
      </snapshotVersion>
      <snapshotVersion>
        <extension>jar</extension>
        <value>3.3-20180601.023522-240</value>
        <updated>20180601023522</updated>
      </snapshotVersion>
      <snapshotVersion>
        <extension>pom</extension>
        <value>3.3-20180601.023522-240</value>
        <updated>20180601023522</updated>
      </snapshotVersion>
    </snapshotVersions>
  </versioning>
</metadata>
