<?xml version="1.0" encoding="UTF-8"?>
<metadata>
  <groupId>com.psddev</groupId>
  <artifactId>dari-aws</artifactId>
  <version>3.3-SNAPSHOT</version>
  <versioning>
    <snapshot>
      <timestamp>20180601.023837</timestamp>
      <buildNumber>236</buildNumber>
    </snapshot>
    <lastUpdated>20180601023838</lastUpdated>
    <snapshotVersions>
      <snapshotVersion>
        <classifier>javadoc</classifier>
        <extension>jar</extension>
        <value>3.3-20180601.023837-236</value>
        <updated>20180601023837</updated>
      </snapshotVersion>
      <snapshotVersion>
        <classifier>sources</classifier>
        <extension>jar</extension>
        <value>3.3-20180601.023837-236</value>
        <updated>20180601023837</updated>
      </snapshotVersion>
      <snapshotVersion>
        <extension>jar</extension>
        <value>3.3-20180601.023837-236</value>
        <updated>20180601023837</updated>
      </snapshotVersion>
      <snapshotVersion>
        <extension>pom</extension>
        <value>3.3-20180601.023837-236</value>
        <updated>20180601023837</updated>
      </snapshotVersion>
    </snapshotVersions>
  </versioning>
</metadata>
