<?xml version="1.0" encoding="UTF-8"?>
<metadata>
  <groupId>com.psddev</groupId>
  <artifactId>styleguide-parent</artifactId>
  <version>3.0-SNAPSHOT</version>
  <versioning>
    <snapshot>
      <timestamp>20180601.024630</timestamp>
      <buildNumber>111</buildNumber>
    </snapshot>
    <lastUpdated>20180601024631</lastUpdated>
    <snapshotVersions>
      <snapshotVersion>
        <classifier>sources</classifier>
        <extension>jar</extension>
        <value>3.0-20180601.024630-111</value>
        <updated>20180601024630</updated>
      </snapshotVersion>
      <snapshotVersion>
        <extension>pom</extension>
        <value>3.0-20180601.024630-111</value>
        <updated>20180601024630</updated>
      </snapshotVersion>
    </snapshotVersions>
  </versioning>
</metadata>
