<?xml version="1.0" encoding="UTF-8"?>
<metadata>
  <groupId>com.psddev</groupId>
  <artifactId>cms-tool-ui</artifactId>
  <version>3.3-SNAPSHOT</version>
  <versioning>
    <snapshot>
      <timestamp>20180601.024242</timestamp>
      <buildNumber>450</buildNumber>
    </snapshot>
    <lastUpdated>20180601024243</lastUpdated>
    <snapshotVersions>
      <snapshotVersion>
        <classifier>sources</classifier>
        <extension>jar</extension>
        <value>3.3-20180601.024242-450</value>
        <updated>20180601024242</updated>
      </snapshotVersion>
      <snapshotVersion>
        <extension>pom</extension>
        <value>3.3-20180601.024242-450</value>
        <updated>20180601024242</updated>
      </snapshotVersion>
      <snapshotVersion>
        <extension>war</extension>
        <value>3.3-20180601.024242-450</value>
        <updated>20180601024242</updated>
      </snapshotVersion>
    </snapshotVersions>
  </versioning>
</metadata>
