<?xml version="1.0" encoding="UTF-8"?>
<metadata>
  <groupId>com.psddev</groupId>
  <artifactId>dari-grandparent</artifactId>
  <version>3.3-SNAPSHOT</version>
  <versioning>
    <snapshot>
      <timestamp>20180601.023353</timestamp>
      <buildNumber>242</buildNumber>
    </snapshot>
    <lastUpdated>20180601023354</lastUpdated>
    <snapshotVersions>
      <snapshotVersion>
        <classifier>sources</classifier>
        <extension>jar</extension>
        <value>3.3-20180601.023353-242</value>
        <updated>20180601023353</updated>
      </snapshotVersion>
      <snapshotVersion>
        <extension>pom</extension>
        <value>3.3-20180601.023353-242</value>
        <updated>20180601023353</updated>
      </snapshotVersion>
    </snapshotVersions>
  </versioning>
</metadata>
