<?xml version="1.0" encoding="UTF-8"?>
<metadata>
  <groupId>com.psddev</groupId>
  <artifactId>brightspot-grandparent</artifactId>
  <version>41-SNAPSHOT</version>
  <versioning>
    <snapshot>
      <timestamp>20180601.023338</timestamp>
      <buildNumber>135</buildNumber>
    </snapshot>
    <lastUpdated>20180601023339</lastUpdated>
    <snapshotVersions>
      <snapshotVersion>
        <classifier>sources</classifier>
        <extension>jar</extension>
        <value>41-20180601.023338-135</value>
        <updated>20180601023338</updated>
      </snapshotVersion>
      <snapshotVersion>
        <extension>pom</extension>
        <value>41-20180601.023338-135</value>
        <updated>20180601023338</updated>
      </snapshotVersion>
    </snapshotVersions>
  </versioning>
</metadata>
