<?xml version="1.0" encoding="UTF-8"?>
<metadata>
  <groupId>com.psddev</groupId>
  <artifactId>handlebars</artifactId>
  <version>2.0-SNAPSHOT</version>
  <versioning>
    <snapshot>
      <timestamp>20180601.024554</timestamp>
      <buildNumber>165</buildNumber>
    </snapshot>
    <lastUpdated>20180601024555</lastUpdated>
    <snapshotVersions>
      <snapshotVersion>
        <classifier>javadoc</classifier>
        <extension>jar</extension>
        <value>2.0-20180601.024554-165</value>
        <updated>20180601024554</updated>
      </snapshotVersion>
      <snapshotVersion>
        <classifier>sources</classifier>
        <extension>jar</extension>
        <value>2.0-20180601.024554-165</value>
        <updated>20180601024554</updated>
      </snapshotVersion>
      <snapshotVersion>
        <extension>jar</extension>
        <value>2.0-20180601.024554-165</value>
        <updated>20180601024554</updated>
      </snapshotVersion>
      <snapshotVersion>
        <extension>pom</extension>
        <value>2.0-20180601.024554-165</value>
        <updated>20180601024554</updated>
      </snapshotVersion>
    </snapshotVersions>
  </versioning>
</metadata>
